{
  "main": {
    "id": "8f1168bf3f747e16",
    "type": "split",
    "children": [
      {
        "id": "54c0543045747c23",
        "type": "tabs",
        "children": [
          {
            "id": "a55ac9a77b514c93",
            "type": "leaf",
            "state": {
              "type": "markdown",
              "state": {
                "file": "未命名 1.md",
                "mode": "source",
                "source": false
              }
            }
          }
        ]
      }
    ],
    "direction": "vertical"
  },
  "left": {
    "id": "f7f7d10da5ed646a",
    "type": "split",
    "children": [
      {
        "id": "7f9d9f7b19507f68",
        "type": "tabs",
        "children": [
          {
            "id": "4619c7d908f747ea",
            "type": "leaf",
            "state": {
              "type": "file-explorer",
              "state": {
                "sortOrder": "alphabetical"
              }
            }
          },
          {
            "id": "2f915562b7675803",
            "type": "leaf",
            "state": {
              "type": "search",
              "state": {
                "query": "",
                "matchingCase": false,
                "explainSearch": false,
                "collapseAll": false,
                "extraContext": false,
                "sortOrder": "alphabetical"
              }
            }
          },
          {
            "id": "65f2951b44088149",
            "type": "leaf",
            "state": {
              "type": "bookmarks",
              "state": {}
            }
          }
        ]
      }
    ],
    "direction": "horizontal",
    "width": 300
  },
  "right": {
    "id": "0d024f0209787d8c",
    "type": "split",
    "children": [
      {
        "id": "172231a7982b2349",
        "type": "tabs",
        "children": [
          {
            "id": "12b6d5913c3447dc",
            "type": "leaf",
            "state": {
              "type": "backlink",
              "state": {
                "file": "未命名 1.md",
                "collapseAll": false,
                "extraContext": false,
                "sortOrder": "alphabetical",
                "showSearch": false,
                "searchQuery": "",
                "backlinkCollapsed": false,
                "unlinkedCollapsed": true
              }
            }
          },
          {
            "id": "2cc0a78e015c85ea",
            "type": "leaf",
            "state": {
              "type": "outgoing-link",
              "state": {
                "file": "未命名 1.md",
                "linksCollapsed": false,
                "unlinkedCollapsed": true
              }
            }
          },
          {
            "id": "7a9a1f00fed047ab",
            "type": "leaf",
            "state": {
              "type": "tag",
              "state": {
                "sortOrder": "frequency",
                "useHierarchy": true
              }
            }
          },
          {
            "id": "8710a200e67c26fb",
            "type": "leaf",
            "state": {
              "type": "outline",
              "state": {
                "file": "未命名 1.md"
              }
            }
          },
          {
            "id": "efd40b427dfb4ea7",
            "type": "leaf",
            "state": {
              "type": "advanced-tables-toolbar",
              "state": {}
            }
          }
        ],
        "currentTab": 4
      }
    ],
    "direction": "horizontal",
    "width": 479.5
  },
  "left-ribbon": {
    "hiddenItems": {
      "switcher:打开快速切换": false,
      "graph:查看关系图谱": false,
      "canvas:新建白板": false,
      "daily-notes:打开/创建今天的日记": false,
      "templates:插入模板": false,
      "command-palette:打开命令面板": false,
      "table-editor-obsidian:Advanced Tables Toolbar": false,
      "markdown-table-editor:Open Markdown Table Editor": false,
      "obsidian-excalidraw-plugin:新建绘图文件": false,
      "homepage:Open homepage": false
    }
  },
  "active": "a55ac9a77b514c93",
  "lastOpenFiles": [
    "未命名 1.md",
    "摄影/人像摄影.md",
    "摄影/风光摄影知识.md",
    "摄影/摄影前期知识.md",
    "a 1.eddx",
    "a.eddx",
    "未命名.md"
  ]
}